url,status,depth,local_html
"https://jamesturrell.com/",200,0,"/Users/amol/Downloads/art_party_artists_v2/html/jamesturrell.com/index.html"
"https://jamesturrell.com/work/type/",200,0,"/Users/amol/Downloads/art_party_artists_v2/html/jamesturrell.com/work_type.html"
"https://jamesturrell.com/exhibitions/public/",200,0,"/Users/amol/Downloads/art_party_artists_v2/html/jamesturrell.com/exhibitions_public.html"
"https://www.pacegallery.com/artists/james-turrell/",200,0,"/Users/amol/Downloads/art_party_artists_v2/html/www.pacegallery.com/artists_james-turrell.html"
"https://www.pacegallery.com/exhibitions/james-turrell-the-return/",200,0,"/Users/amol/Downloads/art_party_artists_v2/html/www.pacegallery.com/exhibitions_james-turrell-the-return.html"
"https://www.pacegallery.com/exhibitions/artist/jr/?artist=james-turrell",200,0,"/Users/amol/Downloads/art_party_artists_v2/html/www.pacegallery.com/exhibitions_artist_jr__q_artist_james-turrell.html"
"https://ropac.net/artists/86-not-vital/",200,0,"/Users/amol/Downloads/art_party_artists_v2/html/ropac.net/artists_86-not-vital.html"
"https://ropac.net/exhibitions/707-not-vital-contemplating/",200,0,"/Users/amol/Downloads/art_party_artists_v2/html/ropac.net/exhibitions_707-not-vital-contemplating.html"
"https://www.hauserwirth.com/hauser-wirth-exhibitions/26434-not-vitalscarch/",200,0,"/Users/amol/Downloads/art_party_artists_v2/html/www.hauserwirth.com/hauser-wirth-exhibitions_26434-not-vitalscarch.html"
"https://www.hauserwirth.com/book-labs/not-vital-scarch/",200,0,"/Users/amol/Downloads/art_party_artists_v2/html/www.hauserwirth.com/book-labs_not-vital-scarch.html"
"https://jamesturrell.com/Home",200,1,"/Users/amol/Downloads/art_party_artists_v2/html/jamesturrell.com/Home.html"
"https://jamesturrell.com/James Turrell",0,1,""
"https://jamesturrell.com/about/introduction/",200,1,"/Users/amol/Downloads/art_party_artists_v2/html/jamesturrell.com/about_introduction.html"
"https://jamesturrell.com/article",404,1,""
"https://jamesturrell.com/exhibitions/",200,1,"/Users/amol/Downloads/art_party_artists_v2/html/jamesturrell.com/exhibitions.html"
"https://jamesturrell.com/exhibitions/commissions/",200,1,"/Users/amol/Downloads/art_party_artists_v2/html/jamesturrell.com/exhibitions_commissions.html"
"https://jamesturrell.com/exhibitions/group/",200,1,"/Users/amol/Downloads/art_party_artists_v2/html/jamesturrell.com/exhibitions_group.html"
"https://jamesturrell.com/exhibitions/solo/",200,1,"/Users/amol/Downloads/art_party_artists_v2/html/jamesturrell.com/exhibitions_solo.html"
"https://jamesturrell.com/summary_large_image",404,1,""
"https://jamesturrell.com/width=device-width, initial-scale=1, user-scalable=no",0,1,""
"https://jamesturrell.com/work/",200,1,"/Users/amol/Downloads/art_party_artists_v2/html/jamesturrell.com/work.html"
"https://jamesturrell.com/work/date/",200,1,"/Users/amol/Downloads/art_party_artists_v2/html/jamesturrell.com/work_date.html"
"https://jamesturrell.com/wp-content/themes/jamesturrell/css/jquery.fullPage.css?ver=6.9.4",200,1,""
"https://jamesturrell.com/wp-content/themes/jamesturrell/css/mobile.css?ver=6.9.4",200,1,""
"https://jamesturrell.com/wp-content/themes/jamesturrell/css/tablet.css?ver=6.9.4",200,1,""
"https://jamesturrell.com/wp-content/themes/jamesturrell/fonts/font-awesome-4.5.0/css/font-awesome.css?ver=6.9.4",200,1,""
"https://jamesturrell.com/wp-content/themes/jamesturrell/img/trans.gif",200,1,""
"https://jamesturrell.com/wp-content/themes/jamesturrell/js/doubletaptogo.min.js?ver=6.9.4",200,1,""
"https://jamesturrell.com/wp-content/themes/jamesturrell/js/james.js?ver=6.9.4",200,1,""
"https://jamesturrell.com/wp-content/themes/jamesturrell/js/jquery.fullPage.min.js?ver=6.9.4",200,1,""
"https://jamesturrell.com/wp-content/themes/jamesturrell/js/jquery.lazyload.min.js?ver=6.9.4",200,1,""
"https://jamesturrell.com/wp-content/themes/jamesturrell/style.css?ver=6.9.4",200,1,""
"https://jamesturrell.com/wp-content/uploads/2015/11/JM_Gala-Honoree-James-Turrell-and-Roden-Crater-1440x836.jpg",200,1,""
"https://jamesturrell.com/wp-content/uploads/2015/11/ganzfeld.jpg",200,1,""
"https://jamesturrell.com/work/type/James Turrell",0,1,""
"https://jamesturrell.com/work/type/Type",404,1,""
"https://jamesturrell.com/work/type/article",404,1,""
"https://jamesturrell.com/work/type/summary_large_image",404,1,""
"https://jamesturrell.com/wp-content/uploads/2013/03/fh_14_rgb1.jpg",200,1,""
"https://jamesturrell.com/wp-content/uploads/2013/03/the_inner_way_turrell1.jpg",200,1,""
"https://jamesturrell.com/wp-content/uploads/2013/05/CCC_Light_Reignfall_sm1.jpg",200,1,""
"https://jamesturrell.com/wp-content/uploads/2013/05/Coconino-2007-Florian1.jpg",200,1,""
"https://jamesturrell.com/wp-content/uploads/2013/05/Panza_Virga1.jpg",200,1,""
"https://jamesturrell.com/wp-content/uploads/2013/05/Selene-19841.jpg",200,1,""
"https://jamesturrell.com/wp-content/uploads/2013/05/deep-sky-1984_image-11.jpg",200,1,""
"https://jamesturrell.com/wp-content/uploads/2013/05/fire-tunnel-1972-at-pomona-college1.jpg",200,1,""
"https://jamesturrell.com/wp-content/uploads/2013/05/h-x_2004_at_unna_20091-1440x1828.jpg",200,1,""
"https://jamesturrell.com/wp-content/uploads/2013/05/roden_crater_daylight1-1440x1148.jpg",200,1,""
"https://jamesturrell.com/wp-content/uploads/2013/05/spread-1989cr1.jpg",200,1,""
"https://jamesturrell.com/wp-content/uploads/2013/05/turrell-side-pic1.jpg",200,1,""
"https://jamesturrell.com/wp-content/uploads/2013/05/works_james_l1.jpg",200,1,""
"https://jamesturrell.com/wp-content/uploads/2013/06/CCC_Penumbra1-1440x1111.jpg",200,1,""
"https://jamesturrell.com/wp-content/uploads/2013/06/Pullen-White-1967-s1-1440x1120.jpg",200,1,""
"https://jamesturrell.com/wp-content/uploads/2013/06/Raethro-Red-1968cropped1.jpg",200,1,""
"https://jamesturrell.com/wp-content/uploads/2013/07/AMBA-new-scan1.jpg",200,1,""
"https://jamesturrell.com/wp-content/uploads/2013/09/Bullwinkle-2001-Florian-LACMAc1.jpg",200,1,""
"https://jamesturrell.com/wp-content/uploads/2013/09/Rayzor-1982_image-3_c1.jpg",200,1,""
"https://jamesturrell.com/wp-content/uploads/2015/10/Breathing-Light-2013-Florian-LACMA-3c.jpg",200,1,""
"https://jamesturrell.com/wp-content/uploads/2015/10/stonescape_outside_2copy.jpg",200,1,""
"https://jamesturrell.com/wp-content/uploads/2015/10/wedgework_iii_1969.jpg",200,1,""
"https://jamesturrell.com/exhibitions/public/James Turrell",0,1,""
"https://jamesturrell.com/exhibitions/public/Selected Public Collections",0,1,""
"https://jamesturrell.com/exhibitions/public/article",404,1,""
"https://jamesturrell.com/exhibitions/public/summary_large_image",404,1,""
"https://jamesturrell.com/wp-content/uploads/2015/10/Within-Without-Exterior-6.jpg",200,1,""
"https://www.pacegallery.com/",200,1,"/Users/amol/Downloads/art_party_artists_v2/html/www.pacegallery.com/index.html"
"https://www.pacegallery.com/about-1/",200,1,"/Users/amol/Downloads/art_party_artists_v2/html/www.pacegallery.com/about-1.html"
"https://www.pacegallery.com/accessibility/",200,1,"/Users/amol/Downloads/art_party_artists_v2/html/www.pacegallery.com/accessibility.html"
"https://www.pacegallery.com/artfairs/",200,1,"/Users/amol/Downloads/art_party_artists_v2/html/www.pacegallery.com/artfairs.html"
"https://www.pacegallery.com/artists/",200,1,"/Users/amol/Downloads/art_party_artists_v2/html/www.pacegallery.com/artists.html"
"https://www.pacegallery.com/artists/james-turrell/James Turrell has dedicated his practice to what he has deemed perceptual art, investigating the materiality of light.",0,1,""
"https://www.pacegallery.com/artists/james-turrell/James Turrell | Pace Gallery",0,1,""
"https://www.pacegallery.com/artists/james-turrell/James Turrell,James Turrell artist,James Turrell Pace,James Turrell Pace Gallery,Pace Gallery,Contemporary Art,Contemporary Artist,Art Gallery",0,1,""
"https://www.pacegallery.com/artists/james-turrell/art-fairs",404,1,""
"https://www.pacegallery.com/artists/james-turrell/artists",404,1,""
"https://www.pacegallery.com/artists/james-turrell/exhibitions",404,1,""
"https://www.pacegallery.com/artists/james-turrell/galleries",404,1,""
"https://www.pacegallery.com/artists/james-turrell/journal",404,1,""
"https://www.pacegallery.com/artists/james-turrell/pacelive",404,1,""
"https://www.pacegallery.com/artists/james-turrell/publishing",404,1,""
"https://www.pacegallery.com/artists/james-turrell/website",404,1,""
"https://www.pacegallery.com/artists/james-turrell/width=device-width, initial-scale=1, viewport-fit=cover",0,1,""
"https://www.pacegallery.com/careers/",200,1,"/Users/amol/Downloads/art_party_artists_v2/html/www.pacegallery.com/careers.html"
"https://www.pacegallery.com/culture-equity/",200,1,"/Users/amol/Downloads/art_party_artists_v2/html/www.pacegallery.com/culture-equity.html"
"https://www.pacegallery.com/documents/23789/James_Turrell_Public_Collections.pdf",200,1,""
"https://www.pacegallery.com/documents/33176/James_Turrell_Books.pdf",200,1,""
"https://www.pacegallery.com/documents/34374/James_Turrell_Group_Exhibitions.pdf",200,1,""
"https://www.pacegallery.com/documents/34375/James_Turrell_One-Artist_Exhibitions.pdf",200,1,""
"https://www.pacegallery.com/documents/34376/James_Turrell_Periodicals.pdf",200,1,""
"https://www.pacegallery.com/events/",200,1,"/Users/amol/Downloads/art_party_artists_v2/html/www.pacegallery.com/events.html"
"https://www.pacegallery.com/exhibitions/",200,1,"/Users/amol/Downloads/art_party_artists_v2/html/www.pacegallery.com/exhibitions.html"
"https://www.pacegallery.com/exhibitions/artist/james-turrell/",200,1,"/Users/amol/Downloads/art_party_artists_v2/html/www.pacegallery.com/exhibitions_artist_james-turrell.html"
"https://www.pacegallery.com/exhibitions/bending-light-ii/",200,1,"/Users/amol/Downloads/art_party_artists_v2/html/www.pacegallery.com/exhibitions_bending-light-ii.html"
"https://www.pacegallery.com/exhibitions/james-turrell-after-effect/",200,1,"/Users/amol/Downloads/art_party_artists_v2/html/www.pacegallery.com/exhibitions_james-turrell-after-effect.html"
"https://www.pacegallery.com/exhibitions/james-turrell-elemental/",200,1,"/Users/amol/Downloads/art_party_artists_v2/html/www.pacegallery.com/exhibitions_james-turrell-elemental.html"
"https://www.pacegallery.com/galleries/",200,1,"/Users/amol/Downloads/art_party_artists_v2/html/www.pacegallery.com/galleries.html"
"https://www.pacegallery.com/journal/",200,1,"/Users/amol/Downloads/art_party_artists_v2/html/www.pacegallery.com/journal.html"
"https://www.pacegallery.com/journal/ad-reinhardt-color-out-of-darkness-curated-by-james-turrell/",200,1,"/Users/amol/Downloads/art_party_artists_v2/html/www.pacegallery.com/journal_ad-reinhardt-color-out-of-darkness-curated-by-james-turrell.html"
"https://www.pacegallery.com/journal/artist/james-turrell/",200,1,"/Users/amol/Downloads/art_party_artists_v2/html/www.pacegallery.com/journal_artist_james-turrell.html"
"https://www.pacegallery.com/journal/james-turrell-art-of-opulence-and-light/",200,1,"/Users/amol/Downloads/art_party_artists_v2/html/www.pacegallery.com/journal_james-turrell-art-of-opulence-and-light.html"
"https://www.pacegallery.com/journal/our-artists-pst-2024/",200,1,"/Users/amol/Downloads/art_party_artists_v2/html/www.pacegallery.com/journal_our-artists-pst-2024.html"
"https://www.pacegallery.com/journal/publishing-light-and-space-artists/",200,1,"/Users/amol/Downloads/art_party_artists_v2/html/www.pacegallery.com/journal_publishing-light-and-space-artists.html"
"https://www.pacegallery.com/library-archives/",200,1,"/Users/amol/Downloads/art_party_artists_v2/html/www.pacegallery.com/library-archives.html"
"https://www.pacegallery.com/media/images/79541_Turrell_v01_F_E2.width-1100.jpg",200,1,""
"https://www.pacegallery.com/media/images/79541_Turrell_v01_F_E2.width-1440.jpg",200,1,""
"https://www.pacegallery.com/media/images/79541_Turrell_v01_F_E2.width-2000.jpg",200,1,""
"https://www.pacegallery.com/media/images/79541_Turrell_v01_F_E2.width-360.jpg",200,1,""
"https://www.pacegallery.com/media/images/79541_Turrell_v01_F_E2.width-720.jpg",200,1,""
"https://www.pacegallery.com/media/images/79957_TURRELL_v10b_crop_1.width-1100.jpg",200,1,""
"https://www.pacegallery.com/media/images/79957_TURRELL_v10b_crop_1.width-1440.jpg",200,1,""
"https://www.pacegallery.com/media/images/79957_TURRELL_v10b_crop_1.width-2000.jpg",200,1,""
"https://www.pacegallery.com/media/images/79957_TURRELL_v10b_crop_1.width-360.jpg",200,1,""
"https://www.pacegallery.com/media/images/79957_TURRELL_v10b_crop_1.width-720.jpg",200,1,""
"https://www.pacegallery.com/media/images/James_Turrell_Circular_Glass_04.original.jpg",200,1,""
"https://www.pacegallery.com/media/images/James_Turrell_Circular_Glass_04.width-1100.jpg",200,1,""
"https://www.pacegallery.com/media/images/James_Turrell_Circular_Glass_04.width-1440.jpg",200,1,""
"https://www.pacegallery.com/media/images/James_Turrell_Circular_Glass_04.width-2000.jpg",200,1,""
"https://www.pacegallery.com/media/images/James_Turrell_Circular_Glass_04.width-360.jpg",200,1,""
"https://www.pacegallery.com/media/images/James_Turrell_Circular_Glass_04.width-720.jpg",200,1,""
"https://www.pacegallery.com/media/images/TURRELL_JAMES_BOOK_v01.width-1100.webp",200,1,""
"https://www.pacegallery.com/media/images/TURRELL_JAMES_BOOK_v01.width-1440.webp",200,1,""
"https://www.pacegallery.com/media/images/TURRELL_JAMES_BOOK_v01.width-2000.webp",200,1,""
"https://www.pacegallery.com/media/images/TURRELL_JAMES_BOOK_v01.width-360.webp",200,1,""
"https://www.pacegallery.com/media/images/TURRELL_JAMES_BOOK_v01.width-720.webp",200,1,""
"https://www.pacegallery.com/media/images/Turrell.original.jpg",200,1,""
"https://www.pacegallery.com/media/images/Turrell.width-1100.jpg",200,1,""
"https://www.pacegallery.com/media/images/Turrell.width-1440.jpg",200,1,""
"https://www.pacegallery.com/media/images/Turrell.width-2000.jpg",200,1,""
"https://www.pacegallery.com/media/images/Turrell.width-360.jpg",200,1,""
"https://www.pacegallery.com/media/images/Turrell.width-720.jpg",200,1,""
"https://www.pacegallery.com/media/original_images/LA-Mailer_GIF-2_v5_small.mp4",200,1,""
"https://www.pacegallery.com/press/",200,1,"/Users/amol/Downloads/art_party_artists_v2/html/www.pacegallery.com/press.html"
"https://www.pacegallery.com/privacy/",200,1,"/Users/amol/Downloads/art_party_artists_v2/html/www.pacegallery.com/privacy.html"
"https://www.pacegallery.com/publishing/",200,1,"/Users/amol/Downloads/art_party_artists_v2/html/www.pacegallery.com/publishing.html"
"https://www.pacegallery.com/staff/",200,1,"/Users/amol/Downloads/art_party_artists_v2/html/www.pacegallery.com/staff.html"
"https://www.pacegallery.com/static/css/app.6d84a04c2bf9.css",200,1,""
"https://www.pacegallery.com/static/images/manifest.b58fcfa7628c.json",200,1,""
"https://www.pacegallery.com/static/js/app.bundle.d3189d1d6e21.js",200,1,""
"https://www.pacegallery.com/terms/",200,1,"/Users/amol/Downloads/art_party_artists_v2/html/www.pacegallery.com/terms.html"
"https://www.pacegallery.com/wechat/",200,1,"/Users/amol/Downloads/art_party_artists_v2/html/www.pacegallery.com/wechat.html"
"https://www.pacegallery.com/documents/28769/PACE_Turrell_Press_Release_EN_2.pdf",200,1,""
"https://www.pacegallery.com/exhibitions/james-turrell-9/",200,1,"/Users/amol/Downloads/art_party_artists_v2/html/www.pacegallery.com/exhibitions_james-turrell-9.html"
"https://www.pacegallery.com/exhibitions/james-turrell-the-return/1200",200,1,"/Users/amol/Downloads/art_party_artists_v2/html/www.pacegallery.com/exhibitions_james-turrell-the-return_1200.html"
"https://www.pacegallery.com/exhibitions/james-turrell-the-return/630",200,1,"/Users/amol/Downloads/art_party_artists_v2/html/www.pacegallery.com/exhibitions_james-turrell-the-return_630.html"
"https://www.pacegallery.com/exhibitions/james-turrell-the-return/James Turrell: The Return | Pace Gallery",0,1,""
"https://www.pacegallery.com/exhibitions/james-turrell-the-return/Pace is pleased to present an exhibition of five recent installations by James Turrell—including a new, never-before-seen, site-specific Wedgework made specifically for this presentation—at its Seoul gallery.",0,1,""
"https://www.pacegallery.com/exhibitions/james-turrell-the-return/art-fairs",404,1,""
"https://www.pacegallery.com/exhibitions/james-turrell-the-return/artists",404,1,""
"https://www.pacegallery.com/exhibitions/james-turrell-the-return/exhibitions",404,1,""
"https://www.pacegallery.com/exhibitions/james-turrell-the-return/galleries",404,1,""
"https://www.pacegallery.com/exhibitions/james-turrell-the-return/journal",404,1,""
"https://www.pacegallery.com/exhibitions/james-turrell-the-return/pace gallery,pace seoul,james turrell,james turrell seoul,james turrell wedgework,james turrell south korea,rodan crater",0,1,""
"https://www.pacegallery.com/exhibitions/james-turrell-the-return/pacelive",404,1,""
"https://www.pacegallery.com/exhibitions/james-turrell-the-return/publishing",404,1,""
"https://www.pacegallery.com/exhibitions/james-turrell-the-return/website",404,1,""
"https://www.pacegallery.com/exhibitions/james-turrell-the-return/width=device-width, initial-scale=1, viewport-fit=cover",0,1,""
"https://www.pacegallery.com/journal/lawrence-weiner-estate-heami-lee-collaboration/",200,1,"/Users/amol/Downloads/art_party_artists_v2/html/www.pacegallery.com/journal_lawrence-weiner-estate-heami-lee-collaboration.html"
"https://www.pacegallery.com/journal/lee-kun-yong-striking-a-match/",200,1,"/Users/amol/Downloads/art_party_artists_v2/html/www.pacegallery.com/journal_lee-kun-yong-striking-a-match.html"
"https://www.pacegallery.com/journal/sam-gilliam-kenneth-noland-celebrating-color/",200,1,"/Users/amol/Downloads/art_party_artists_v2/html/www.pacegallery.com/journal_sam-gilliam-kenneth-noland-celebrating-color.html"
"https://www.pacegallery.com/media/documents/turrell_web_banner_HD.mp4",200,1,""
"https://www.pacegallery.com/reservations/",200,1,"/Users/amol/Downloads/art_party_artists_v2/html/www.pacegallery.com/reservations.html"
"https://www.pacegallery.com/exhibitions/-bending-light/",200,1,"/Users/amol/Downloads/art_party_artists_v2/html/www.pacegallery.com/exhibitions_-bending-light.html"
"https://www.pacegallery.com/exhibitions/50-years-at-pace/",200,1,"/Users/amol/Downloads/art_party_artists_v2/html/www.pacegallery.com/exhibitions_50-years-at-pace.html"
"https://www.pacegallery.com/exhibitions/artist/jr/?artist=acaye-kerunen",200,1,"/Users/amol/Downloads/art_party_artists_v2/html/www.pacegallery.com/exhibitions_artist_jr__q_artist_acaye-kerunen.html"
"https://www.pacegallery.com/exhibitions/artist/jr/?artist=acconci-studio",200,1,"/Users/amol/Downloads/art_party_artists_v2/html/www.pacegallery.com/exhibitions_artist_jr__q_artist_acconci-studio.html"
"https://www.pacegallery.com/exhibitions/artist/jr/?artist=adam-pendleton",200,1,"/Users/amol/Downloads/art_party_artists_v2/html/www.pacegallery.com/exhibitions_artist_jr__q_artist_adam-pendleton.html"
"https://www.pacegallery.com/exhibitions/artist/jr/?artist=adolph-gottlieb",200,1,"/Users/amol/Downloads/art_party_artists_v2/html/www.pacegallery.com/exhibitions_artist_jr__q_artist_adolph-gottlieb.html"
"https://www.pacegallery.com/exhibitions/artist/jr/?artist=adrian-ghenie",200,1,"/Users/amol/Downloads/art_party_artists_v2/html/www.pacegallery.com/exhibitions_artist_jr__q_artist_adrian-ghenie.html"
"https://www.pacegallery.com/exhibitions/artist/jr/?artist=agnes-martin",200,1,"/Users/amol/Downloads/art_party_artists_v2/html/www.pacegallery.com/exhibitions_artist_jr__q_artist_agnes-martin.html"
"https://www.pacegallery.com/exhibitions/artist/jr/?artist=alejandro-pineiro-bello",200,1,"/Users/amol/Downloads/art_party_artists_v2/html/www.pacegallery.com/exhibitions_artist_jr__q_artist_alejandro-pineiro-bello.html"
"https://www.pacegallery.com/exhibitions/artist/jr/?artist=alex-katz",200,1,"/Users/amol/Downloads/art_party_artists_v2/html/www.pacegallery.com/exhibitions_artist_jr__q_artist_alex-katz.html"
"https://www.pacegallery.com/exhibitions/artist/jr/?artist=alexander-calder",200,1,"/Users/amol/Downloads/art_party_artists_v2/html/www.pacegallery.com/exhibitions_artist_jr__q_artist_alexander-calder.html"
"https://www.pacegallery.com/exhibitions/artist/jr/?artist=alfred-jensen",200,1,"/Users/amol/Downloads/art_party_artists_v2/html/www.pacegallery.com/exhibitions_artist_jr__q_artist_alfred-jensen.html"
"https://www.pacegallery.com/exhibitions/artist/jr/?artist=alfred-stieglitz",200,1,"/Users/amol/Downloads/art_party_artists_v2/html/www.pacegallery.com/exhibitions_artist_jr__q_artist_alfred-stieglitz.html"
"https://www.pacegallery.com/exhibitions/artist/jr/?artist=alicja-kwade",200,1,"/Users/amol/Downloads/art_party_artists_v2/html/www.pacegallery.com/exhibitions_artist_jr__q_artist_alicja-kwade.html"
"https://www.pacegallery.com/exhibitions/artist/jr/?artist=all-artists",200,1,"/Users/amol/Downloads/art_party_artists_v2/html/www.pacegallery.com/exhibitions_artist_jr__q_artist_all-artists.html"
"https://www.pacegallery.com/exhibitions/artist/jr/?artist=antoni-tapies",200,1,"/Users/amol/Downloads/art_party_artists_v2/html/www.pacegallery.com/exhibitions_artist_jr__q_artist_antoni-tapies.html"
"https://www.pacegallery.com/exhibitions/artist/jr/?artist=arlene-shechet",200,1,"/Users/amol/Downloads/art_party_artists_v2/html/www.pacegallery.com/exhibitions_artist_jr__q_artist_arlene-shechet.html"
"https://www.pacegallery.com/exhibitions/artist/jr/?artist=barbara-hepworth",200,1,"/Users/amol/Downloads/art_party_artists_v2/html/www.pacegallery.com/exhibitions_artist_jr__q_artist_barbara-hepworth.html"
"https://www.pacegallery.com/exhibitions/artist/jr/?artist=beatriz-milhazes",200,1,"/Users/amol/Downloads/art_party_artists_v2/html/www.pacegallery.com/exhibitions_artist_jr__q_artist_beatriz-milhazes.html"
"https://www.pacegallery.com/exhibitions/artist/jr/?artist=brent-wadden",200,1,"/Users/amol/Downloads/art_party_artists_v2/html/www.pacegallery.com/exhibitions_artist_jr__q_artist_brent-wadden.html"
"https://www.pacegallery.com/exhibitions/artist/jr/?artist=brice-guilbert",200,1,"/Users/amol/Downloads/art_party_artists_v2/html/www.pacegallery.com/exhibitions_artist_jr__q_artist_brice-guilbert.html"
"https://www.pacegallery.com/exhibitions/artist/jr/?artist=carsten-nicolai",200,1,"/Users/amol/Downloads/art_party_artists_v2/html/www.pacegallery.com/exhibitions_artist_jr__q_artist_carsten-nicolai.html"
"https://www.pacegallery.com/exhibitions/artist/jr/?artist=chuck-close",200,1,"/Users/amol/Downloads/art_party_artists_v2/html/www.pacegallery.com/exhibitions_artist_jr__q_artist_chuck-close.html"
"https://www.pacegallery.com/exhibitions/artist/jr/?artist=claes-oldenburg",200,1,"/Users/amol/Downloads/art_party_artists_v2/html/www.pacegallery.com/exhibitions_artist_jr__q_artist_claes-oldenburg.html"
"https://www.pacegallery.com/exhibitions/artist/jr/?artist=damian-loeb",200,1,"/Users/amol/Downloads/art_party_artists_v2/html/www.pacegallery.com/exhibitions_artist_jr__q_artist_damian-loeb.html"
"https://www.pacegallery.com/exhibitions/artist/jr/?artist=david-byrne",200,1,"/Users/amol/Downloads/art_party_artists_v2/html/www.pacegallery.com/exhibitions_artist_jr__q_artist_david-byrne.html"
"https://www.pacegallery.com/exhibitions/artist/jr/?artist=david-goldblatt",200,1,"/Users/amol/Downloads/art_party_artists_v2/html/www.pacegallery.com/exhibitions_artist_jr__q_artist_david-goldblatt.html"
"https://www.pacegallery.com/exhibitions/artist/jr/?artist=david-hockney",200,1,"/Users/amol/Downloads/art_party_artists_v2/html/www.pacegallery.com/exhibitions_artist_jr__q_artist_david-hockney.html"
"https://www.pacegallery.com/exhibitions/artist/jr/?artist=david-lynch",200,1,"/Users/amol/Downloads/art_party_artists_v2/html/www.pacegallery.com/exhibitions_artist_jr__q_artist_david-lynch.html"
"https://www.pacegallery.com/exhibitions/artist/jr/?artist=donald-judd",200,1,"/Users/amol/Downloads/art_party_artists_v2/html/www.pacegallery.com/exhibitions_artist_jr__q_artist_donald-judd.html"
"https://www.pacegallery.com/exhibitions/artist/jr/?artist=elizabeth-murray",200,1,"/Users/amol/Downloads/art_party_artists_v2/html/www.pacegallery.com/exhibitions_artist_jr__q_artist_elizabeth-murray.html"
"https://www.pacegallery.com/exhibitions/artist/jr/?artist=elmgreen-dragset",200,1,"/Users/amol/Downloads/art_party_artists_v2/html/www.pacegallery.com/exhibitions_artist_jr__q_artist_elmgreen-dragset.html"
"https://www.pacegallery.com/exhibitions/artist/jr/?artist=emily-kam-kngwarray",200,1,"/Users/amol/Downloads/art_party_artists_v2/html/www.pacegallery.com/exhibitions_artist_jr__q_artist_emily-kam-kngwarray.html"
"https://www.pacegallery.com/exhibitions/artist/jr/?artist=emmet-gowin",200,1,"/Users/amol/Downloads/art_party_artists_v2/html/www.pacegallery.com/exhibitions_artist_jr__q_artist_emmet-gowin.html"
"https://www.pacegallery.com/exhibitions/artist/jr/?artist=fred-wilson",200,1,"/Users/amol/Downloads/art_party_artists_v2/html/www.pacegallery.com/exhibitions_artist_jr__q_artist_fred-wilson.html"
"https://www.pacegallery.com/exhibitions/artist/jr/?artist=friedrich-kunath",200,1,"/Users/amol/Downloads/art_party_artists_v2/html/www.pacegallery.com/exhibitions_artist_jr__q_artist_friedrich-kunath.html"
"https://www.pacegallery.com/exhibitions/artist/jr/?artist=genesis-belanger",200,1,"/Users/amol/Downloads/art_party_artists_v2/html/www.pacegallery.com/exhibitions_artist_jr__q_artist_genesis-belanger.html"
"https://www.pacegallery.com/exhibitions/artist/jr/?artist=gideon-appah",200,1,"/Users/amol/Downloads/art_party_artists_v2/html/www.pacegallery.com/exhibitions_artist_jr__q_artist_gideon-appah.html"
"https://www.pacegallery.com/exhibitions/artist/jr/?artist=glenn-kaino",200,1,"/Users/amol/Downloads/art_party_artists_v2/html/www.pacegallery.com/exhibitions_artist_jr__q_artist_glenn-kaino.html"
"https://www.pacegallery.com/exhibitions/artist/jr/?artist=gordon-parks",200,1,"/Users/amol/Downloads/art_party_artists_v2/html/www.pacegallery.com/exhibitions_artist_jr__q_artist_gordon-parks.html"
"https://www.pacegallery.com/exhibitions/artist/jr/?artist=grada-kilomba",200,1,"/Users/amol/Downloads/art_party_artists_v2/html/www.pacegallery.com/exhibitions_artist_jr__q_artist_grada-kilomba.html"
"https://www.pacegallery.com/exhibitions/artist/jr/?artist=hai-bo",200,1,"/Users/amol/Downloads/art_party_artists_v2/html/www.pacegallery.com/exhibitions_artist_jr__q_artist_hai-bo.html"
"https://www.pacegallery.com/exhibitions/artist/jr/?artist=hank-willis-thomas",200,1,"/Users/amol/Downloads/art_party_artists_v2/html/www.pacegallery.com/exhibitions_artist_jr__q_artist_hank-willis-thomas.html"
"https://www.pacegallery.com/exhibitions/artist/jr/?artist=hermann-nitsch",200,1,"/Users/amol/Downloads/art_party_artists_v2/html/www.pacegallery.com/exhibitions_artist_jr__q_artist_hermann-nitsch.html"
"https://www.pacegallery.com/exhibitions/artist/jr/?artist=hong-hao",200,1,"/Users/amol/Downloads/art_party_artists_v2/html/www.pacegallery.com/exhibitions_artist_jr__q_artist_hong-hao.html"
"https://www.pacegallery.com/exhibitions/artist/jr/?artist=huong-dodinh",200,1,"/Users/amol/Downloads/art_party_artists_v2/html/www.pacegallery.com/exhibitions_artist_jr__q_artist_huong-dodinh.html"
"https://www.pacegallery.com/exhibitions/artist/jr/?artist=ilya-emilia-kabakov",200,1,"/Users/amol/Downloads/art_party_artists_v2/html/www.pacegallery.com/exhibitions_artist_jr__q_artist_ilya-emilia-kabakov.html"
"https://www.pacegallery.com/exhibitions/artist/jr/?artist=irving-penn",200,1,"/Users/amol/Downloads/art_party_artists_v2/html/www.pacegallery.com/exhibitions_artist_jr__q_artist_irving-penn.html"
"https://www.pacegallery.com/exhibitions/artist/jr/?artist=isamu-noguchi",200,1,"/Users/amol/Downloads/art_party_artists_v2/html/www.pacegallery.com/exhibitions_artist_jr__q_artist_isamu-noguchi.html"
"https://www.pacegallery.com/exhibitions/artist/jr/?artist=james-siena",200,1,"/Users/amol/Downloads/art_party_artists_v2/html/www.pacegallery.com/exhibitions_artist_jr__q_artist_james-siena.html"
"https://www.pacegallery.com/exhibitions/artist/jr/?artist=jean-dubuffet",200,1,"/Users/amol/Downloads/art_party_artists_v2/html/www.pacegallery.com/exhibitions_artist_jr__q_artist_jean-dubuffet.html"
"https://www.pacegallery.com/exhibitions/artist/jr/?artist=jean-michel-basquiat",200,1,"/Users/amol/Downloads/art_party_artists_v2/html/www.pacegallery.com/exhibitions_artist_jr__q_artist_jean-michel-basquiat.html"
"https://www.pacegallery.com/exhibitions/artist/jr/?artist=jeff-koons",200,1,"/Users/amol/Downloads/art_party_artists_v2/html/www.pacegallery.com/exhibitions_artist_jr__q_artist_jeff-koons.html"
"https://www.pacegallery.com/exhibitions/artist/jr/?artist=jiro-takamatsu",200,1,"/Users/amol/Downloads/art_party_artists_v2/html/www.pacegallery.com/exhibitions_artist_jr__q_artist_jiro-takamatsu.html"
"https://www.pacegallery.com/exhibitions/artist/jr/?artist=jo-baer",200,1,"/Users/amol/Downloads/art_party_artists_v2/html/www.pacegallery.com/exhibitions_artist_jr__q_artist_jo-baer.html"
"https://www.pacegallery.com/exhibitions/artist/jr/?artist=joann-verburg",200,1,"/Users/amol/Downloads/art_party_artists_v2/html/www.pacegallery.com/exhibitions_artist_jr__q_artist_joann-verburg.html"
"https://www.pacegallery.com/exhibitions/artist/jr/?artist=joel-shapiro",200,1,"/Users/amol/Downloads/art_party_artists_v2/html/www.pacegallery.com/exhibitions_artist_jr__q_artist_joel-shapiro.html"
"https://www.pacegallery.com/exhibitions/artist/jr/?artist=john-gerrard",200,1,"/Users/amol/Downloads/art_party_artists_v2/html/www.pacegallery.com/exhibitions_artist_jr__q_artist_john-gerrard.html"
"https://www.pacegallery.com/exhibitions/artist/jr/?artist=john-hoyland",200,1,"/Users/amol/Downloads/art_party_artists_v2/html/www.pacegallery.com/exhibitions_artist_jr__q_artist_john-hoyland.html"
"https://www.pacegallery.com/exhibitions/artist/jr/?artist=john-wesley",200,1,"/Users/amol/Downloads/art_party_artists_v2/html/www.pacegallery.com/exhibitions_artist_jr__q_artist_john-wesley.html"
"https://www.pacegallery.com/exhibitions/artist/jr/?artist=josef-koudelka",200,1,"/Users/amol/Downloads/art_party_artists_v2/html/www.pacegallery.com/exhibitions_artist_jr__q_artist_josef-koudelka.html"
"https://www.pacegallery.com/exhibitions/artist/jr/?artist=jr",200,1,"/Users/amol/Downloads/art_party_artists_v2/html/www.pacegallery.com/exhibitions_artist_jr__q_artist_jr.html"
"https://www.pacegallery.com/exhibitions/artist/jr/?artist=jules-de-balincourt",200,1,"/Users/amol/Downloads/art_party_artists_v2/html/www.pacegallery.com/exhibitions_artist_jr__q_artist_jules-de-balincourt.html"
"https://www.pacegallery.com/exhibitions/artist/jr/?artist=julian-schnabel",200,1,"/Users/amol/Downloads/art_party_artists_v2/html/www.pacegallery.com/exhibitions_artist_jr__q_artist_julian-schnabel.html"
"https://www.pacegallery.com/exhibitions/artist/jr/?artist=keith-coventry",200,1,"/Users/amol/Downloads/art_party_artists_v2/html/www.pacegallery.com/exhibitions_artist_jr__q_artist_keith-coventry.html"
"https://www.pacegallery.com/exhibitions/artist/jr/?artist=keith-sonnier",200,1,"/Users/amol/Downloads/art_party_artists_v2/html/www.pacegallery.com/exhibitions_artist_jr__q_artist_keith-sonnier.html"
"https://www.pacegallery.com/exhibitions/artist/jr/?artist=kenjiro-okazaki",200,1,"/Users/amol/Downloads/art_party_artists_v2/html/www.pacegallery.com/exhibitions_artist_jr__q_artist_kenjiro-okazaki.html"
"https://www.pacegallery.com/exhibitions/artist/jr/?artist=kenneth-noland",200,1,"/Users/amol/Downloads/art_party_artists_v2/html/www.pacegallery.com/exhibitions_artist_jr__q_artist_kenneth-noland.html"
